trial,prefix,available,n_frames,total_distance_m,total_sim_time_s,avg_speed_kmh,max_speed_kmh,speed_std_kmh,risk_auc,risk_per_meter,mean_risk,max_risk
auto_18D_MidRainyNoon_Town10HD_LowVol,base,True,276,312.2449706176791,69.0,11.692692589914724,27.702932940041215,12.459900053055211,291.9462391002793,7.024503622967728,4.248964596513424,19.14236058874513
auto_18D_MidRainyNoon_Town10HD_LowVol,e2e,False,0,0.0,0.0,0.0,0.0,0.0,0.0,0.0,0.0,0.0
auto_18D_MidRainyNoon_Town10HD_LowVol,composed,False,0,0.0,0.0,0.0,0.0,0.0,0.0,0.0,0.0,0.0
auto_18D_MidRainyNoon_Town10HD_LowVol,half_slow,True,386,312.4937846949843,96.5,11.694396499527912,26.088591468642697,11.995634219835704,402.8966427870762,6.672256634335291,4.1868636752052195,18.25626358756386
auto_18D_MidRainyNoon_Town10HD_LowVol,slow,True,409,312.38036342095296,102.25,11.022752568432324,22.34676661935977,9.087998157635779,376.53405542452833,4.994532262071133,3.6941811676840373,14.718852526346868
auto_18D_MidRainyNoon_Town10HD_LowVol,very_slow,True,422,312.7170507394672,105.5,10.6877975093916,14.312845888510827,4.957636547999791,371.2456499973604,3.8520883499657765,3.524143306435972,9.555379914266457
