{
  "trial_name": "auto_21B_CloudyNoon_Town05_LowVol_NoFog_Night",
  "subtrial_name": "base",
  "run_id": "20260511_171656_base",
  "run_path": "t:\\TFG\\MIREIA\\trials\\auto_21B_CloudyNoon_Town05_LowVol_NoFog_Night\\runs\\20260511_171656_base",
  "num_frames": 363,
  "duration_s": 184.27991127967834,
  "traveled_m": 259.1168426768329,
  "risk_auc": 255.4138787174477,
  "risk_distance_integral": 962.3402350293983,
  "risk_per_meter": 3.7139239004606748,
  "predicted_risk_auc": null,
  "finished": true,
  "metadata": {
    "map_name": "Town05",
    "weather": {
      "cloudiness": 60.0,
      "precipitation": 0.0,
      "precipitation_deposits": 0.0,
      "wind_intensity": 10.0,
      "sun_azimuth_angle": -1.0,
      "sun_altitude_angle": -90.0,
      "fog_density": 3.0,
      "fog_distance": 0.75,
      "wetness": 0.0,
      "fog_falloff": 0.10000000149011612,
      "scattering_intensity": 1.0,
      "mie_scattering_scale": 0.029999999329447746,
      "rayleigh_scattering_scale": 0.03310000151395798,
      "dust_storm": 0.0
    },
    "route_start": [
      -123.68846130371094,
      91.42517852783203,
      0.0
    ],
    "route_end": [
      -31.24256706237793,
      -87.94085693359375,
      0.0
    ]
  }
}