{
  "trial_name": "auto_21D_HardRainNoon_Town10HD_LowVol_NoFog_Night",
  "subtrial_name": "default",
  "run_id": "20260501_180605_default",
  "run_path": "t:\\TFG\\MIREIA\\trials\\auto_21D_HardRainNoon_Town10HD_LowVol_NoFog_Night\\runs\\20260501_180605_default",
  "num_frames": 1200,
  "duration_s": 203.47874641418457,
  "traveled_m": 861.7402451644366,
  "risk_auc": 1366.664147128978,
  "risk_distance_integral": 5787.115882135931,
  "risk_per_meter": 6.715615192176197,
  "predicted_risk_auc": null,
  "finished": false,
  "metadata": {
    "map_name": "Town10HD",
    "weather": {
      "cloudiness": 100.0,
      "precipitation": 100.0,
      "precipitation_deposits": 90.0,
      "wind_intensity": 100.0,
      "sun_azimuth_angle": -1.0,
      "sun_altitude_angle": -90.0,
      "fog_density": 7.0,
      "fog_distance": 0.75,
      "wetness": 0.0,
      "fog_falloff": 0.10000000149011612,
      "scattering_intensity": 1.0,
      "mie_scattering_scale": 0.029999999329447746,
      "rayleigh_scattering_scale": 0.03310000151395798,
      "dust_storm": 0.0
    },
    "route_waypoints": [
      [
        -55.155296325683594,
        -58.06877136230469,
        0.0
      ],
      [
        109.19536590576172,
        -31.6186580657959,
        0.0
      ],
      [
        102.42333984375,
        64.91514587402344,
        0.0
      ],
      [
        -44.98167419433594,
        115.42443084716797,
        0.0
      ],
      [
        56.43560028076172,
        16.84079933166504,
        0.0
      ]
    ]
  }
}