{
  "trial_name": "auto_21A_ClearNoon_Town05_HighVol_NoFog_Night",
  "subtrial_name": "riskfn3",
  "run_id": "20260513_222444_riskfn3",
  "run_path": "t:\\TFG\\MIREIA\\trials\\auto_21A_ClearNoon_Town05_HighVol_NoFog_Night\\runs\\20260513_222444_riskfn3",
  "num_frames": 1200,
  "duration_s": 275.28128242492676,
  "traveled_m": 940.9698602750708,
  "risk_auc": 665.3385350366452,
  "risk_distance_integral": 1920.4606694952492,
  "risk_per_meter": 2.0409374949946293,
  "predicted_risk_auc": null,
  "finished": false,
  "metadata": {
    "map_name": "Town05",
    "weather": {
      "cloudiness": 5.0,
      "precipitation": 0.0,
      "precipitation_deposits": 0.0,
      "wind_intensity": 10.0,
      "sun_azimuth_angle": -1.0,
      "sun_altitude_angle": -90.0,
      "fog_density": 2.0,
      "fog_distance": 0.75,
      "wetness": 0.0,
      "fog_falloff": 0.10000000149011612,
      "scattering_intensity": 1.0,
      "mie_scattering_scale": 0.029999999329447746,
      "rayleigh_scattering_scale": 0.03310000151395798,
      "dust_storm": 0.0
    },
    "route_start": [
      -129.66493225097656,
      191.12449645996094,
      0.0
    ],
    "route_end": [
      -268.6591491699219,
      -17.15737533569336,
      0.0
    ]
  }
}