{
  "trial_name": "auto_21A_ClearNoon_Town05_HighVol_NoFog_Night",
  "subtrial_name": "riskfn1",
  "run_id": "20260512_231122_riskfn1",
  "run_path": "t:\\TFG\\MIREIA\\trials\\auto_21A_ClearNoon_Town05_HighVol_NoFog_Night\\runs\\20260512_231122_riskfn1",
  "num_frames": 1200,
  "duration_s": 262.9890465736389,
  "traveled_m": 1003.5737135621058,
  "risk_auc": 607.382337129504,
  "risk_distance_integral": 2037.5241101379816,
  "risk_per_meter": 2.030268512021853,
  "predicted_risk_auc": null,
  "finished": false,
  "metadata": {
    "map_name": "Town05",
    "weather": {
      "cloudiness": 5.0,
      "precipitation": 0.0,
      "precipitation_deposits": 0.0,
      "wind_intensity": 10.0,
      "sun_azimuth_angle": -1.0,
      "sun_altitude_angle": -90.0,
      "fog_density": 2.0,
      "fog_distance": 0.75,
      "wetness": 0.0,
      "fog_falloff": 0.10000000149011612,
      "scattering_intensity": 1.0,
      "mie_scattering_scale": 0.029999999329447746,
      "rayleigh_scattering_scale": 0.03310000151395798,
      "dust_storm": 0.0
    },
    "route_start": [
      -129.66493225097656,
      191.12449645996094,
      0.0
    ],
    "route_end": [
      -268.6591491699219,
      -17.15737533569336,
      0.0
    ]
  }
}