trial,prefix,available,n_frames,total_distance_m,total_sim_time_s,avg_speed_kmh,max_speed_kmh,speed_std_kmh,risk_auc,risk_per_meter,mean_risk,max_risk
auto_18C_MidRainyNoon_Town10HD_HighVol,base,True,762,215.341137082396,190.5,2.9273327066081998,27.662639812627,7.763605623261832,620.6727256479153,12.025842615425999,3.279524663007663,30.78519100061219
auto_18C_MidRainyNoon_Town10HD_HighVol,e2e,True,1200,120.6044102471663,300.0,1.44783709219254,27.27494248654912,4.354917452586115,769.9315225408423,7.950735860645526,2.568053766339729,20.120555256148116
auto_18C_MidRainyNoon_Town10HD_HighVol,composed,True,1200,122.1568448348099,300.0,1.4664429912544827,27.595674382625855,5.02289330713748,809.46348952537,9.060908057686792,2.699901248645287,20.120555256148116
auto_18C_MidRainyNoon_Town10HD_HighVol,half_slow,True,1200,120.87414736716752,300.0,1.4511993574814341,25.815609866237413,5.755266854595887,767.8458702520445,11.26094716090421,2.56112884934396,19.729095160089805
auto_18C_MidRainyNoon_Town10HD_HighVol,slow,True,1200,206.34818062576704,300.0,2.4773031729102595,22.390816852889365,6.301836751837521,817.2780349146092,8.283590823578244,2.725622250464296,15.937153093902431
auto_18C_MidRainyNoon_Town10HD_HighVol,very_slow,True,897,216.17652354671455,224.25,3.482107025659213,14.081317636591743,5.741108809044996,660.9139246753572,6.614865537982504,2.950794164667083,10.427034760076756
auto_18C_MidRainyNoon_Town10HD_HighVol,riskfn1,True,884,216.03496252060572,221.0,3.537062981473264,25.129979492767742,7.938421854351773,768.0762042607321,10.460804692770763,3.4843385318754367,23.011556213035583
auto_18C_MidRainyNoon_Town10HD_HighVol,riskfn2,True,867,216.15321564012353,216.75,3.607949135711606,26.915297148994387,8.580023125608896,693.3024116510771,10.637672698794134,3.2075671506803065,19.599919456832943
auto_18C_MidRainyNoon_Town10HD_HighVol,riskfn3,True,1070,215.92252760327835,267.5,2.9163170424404132,27.25810064003728,6.331387655748939,740.4364572664606,7.493793958927855,2.7732789070265382,12.254052364153742
auto_18C_MidRainyNoon_Town10HD_HighVol,riskfn4,True,871,216.46687690900103,217.75,3.5868732031207706,27.712083514682508,6.970990415188469,723.2616408153552,7.994329521498506,3.3291563953746413,21.649304691358783
auto_18C_MidRainyNoon_Town10HD_HighVol,riskfn5,True,875,215.74730102603976,218.75,3.5560190854583342,27.331089671159816,6.529283219231906,599.1003929821883,6.762545813547442,2.74304786109444,11.654349807462426
