trial,prefix,available,n_frames,total_distance_m,total_sim_time_s,avg_speed_kmh,max_speed_kmh,speed_std_kmh,risk_auc,risk_per_meter,mean_risk,max_risk
auto_18C_MidRainyNoon_Town10HD_HighVol,base,True,762,215.341137082396,190.5,2.9273327066081998,27.662639812627,7.763605623261832,620.6727256479153,12.025842615425999,3.279524663007663,30.78519100061219
auto_18C_MidRainyNoon_Town10HD_HighVol,e2e,False,0,0.0,0.0,0.0,0.0,0.0,0.0,0.0,0.0,0.0
auto_18C_MidRainyNoon_Town10HD_HighVol,composed,False,0,0.0,0.0,0.0,0.0,0.0,0.0,0.0,0.0,0.0
auto_18C_MidRainyNoon_Town10HD_HighVol,half_slow,True,1200,120.87414736716752,300.0,1.4511993574814341,25.815609866237413,5.755266854595887,767.8458702520445,11.26094716090421,2.56112884934396,19.729095160089805
auto_18C_MidRainyNoon_Town10HD_HighVol,slow,True,1200,206.34818062576704,300.0,2.4773031729102595,22.390816852889365,6.301836751837521,817.2780349146092,8.283590823578244,2.725622250464296,15.937153093902431
auto_18C_MidRainyNoon_Town10HD_HighVol,very_slow,True,897,216.17652354671455,224.25,3.482107025659213,14.081317636591743,5.741108809044996,660.9139246753572,6.614865537982504,2.950794164667083,10.427034760076756
