trial,prefix,available,n_frames,total_distance_m,total_sim_time_s,avg_speed_kmh,max_speed_kmh,speed_std_kmh,risk_auc,risk_per_meter,mean_risk,max_risk
auto_17D_WetNoon_Town10HD_LowVol,base,True,457,422.2457678792108,114.25,9.532010167810617,27.558812492902394,12.186544755389022,265.7825185071867,3.666130289298723,2.3324620649782215,11.574460413462726
auto_17D_WetNoon_Town10HD_LowVol,e2e,False,0,0.0,0.0,0.0,0.0,0.0,0.0,0.0,0.0,0.0
auto_17D_WetNoon_Town10HD_LowVol,composed,False,0,0.0,0.0,0.0,0.0,0.0,0.0,0.0,0.0,0.0
auto_17D_WetNoon_Town10HD_LowVol,half_slow,True,644,423.0132446160423,161.0,9.482274821582767,26.079728188531323,11.751372401483536,365.0087381779725,3.557075721844836,2.270835443655194,11.435372697438055
auto_17D_WetNoon_Town10HD_LowVol,slow,True,668,423.8225231421561,167.0,9.149802695974602,22.314480979998695,9.292939442345354,372.9720253381102,3.095277902739346,2.235744303482026,9.466115256674376
auto_17D_WetNoon_Town10HD_LowVol,very_slow,True,731,423.69383559462364,182.75,8.342041872533692,14.167300405389113,6.172170792665644,411.909751992484,2.6857617129465785,2.25642408087629,7.507000408098505
