trial,prefix,available,n_frames,total_distance_m,total_sim_time_s,avg_speed_kmh,max_speed_kmh,speed_std_kmh,risk_auc,risk_per_meter,mean_risk,max_risk
auto_19D_CloudySunset_Town10HD_LowVol,base,True,205,323.02039662611327,51.25,16.27410847573116,27.3570086886207,12.367675055788036,138.74317513325468,3.239274090452746,2.719647066205572,7.944875356184691
auto_19D_CloudySunset_Town10HD_LowVol,e2e,False,0,0.0,0.0,0.0,0.0,0.0,0.0,0.0,0.0,0.0
auto_19D_CloudySunset_Town10HD_LowVol,composed,False,0,0.0,0.0,0.0,0.0,0.0,0.0,0.0,0.0,0.0
auto_19D_CloudySunset_Town10HD_LowVol,half_slow,True,290,324.47852143270046,72.5,16.157956733190804,26.386868236657527,11.487018032086176,195.52913495331347,3.2022495545880014,2.704954726487015,7.303439999825369
auto_19D_CloudySunset_Town10HD_LowVol,slow,True,321,324.24432205669854,80.25,14.590538127080944,22.48316614630383,7.8069473186750935,187.45496741317567,2.496820990561597,2.3411509785381326,6.480832473326973
auto_19D_CloudySunset_Town10HD_LowVol,very_slow,True,362,324.31344343825975,90.5,12.916350951760299,13.805168747884082,1.4105553056149227,202.8636276093944,2.245735332572514,2.245982197456754,5.803244302507874
