trial,prefix,available,n_frames,total_distance_m,total_sim_time_s,avg_speed_kmh,max_speed_kmh,speed_std_kmh,risk_auc,risk_per_meter,mean_risk,max_risk
auto_21D_HardRainNoon_Town10HD_LowVol_NoFog_Night,base,True,407,442.1304179164817,101.75,11.227969216009383,27.489714356862574,12.517512650122745,571.4518545193678,9.680322622031587,5.646958004205456,28.235847923832104
auto_21D_HardRainNoon_Town10HD_LowVol_NoFog_Night,e2e,False,0,0.0,0.0,0.0,0.0,0.0,0.0,0.0,0.0,0.0
auto_21D_HardRainNoon_Town10HD_LowVol_NoFog_Night,composed,False,0,0.0,0.0,0.0,0.0,0.0,0.0,0.0,0.0,0.0
auto_21D_HardRainNoon_Town10HD_LowVol_NoFog_Night,half_slow,True,554,442.2062772064805,138.5,11.517235297569881,25.8501478509794,12.051899844659381,800.2001431945264,9.301785997086677,5.804574964751599,28.574572281080407
auto_21D_HardRainNoon_Town10HD_LowVol_NoFog_Night,slow,True,610,442.8962951569519,152.5,10.456490251938536,22.373263042531686,9.221511087310123,801.4059987271332,7.424463069718866,5.259000897476083,24.323947923796783
auto_21D_HardRainNoon_Town10HD_LowVol_NoFog_Night,very_slow,True,739,442.50843904310415,184.75,8.635226860067213,14.340894956691386,6.0624751386912115,827.0823743549881,5.174722636438244,4.480502311598964,17.574968690976014
