{
  "trial_name": "auto_21A_ClearNoon_Town05_HighVol_NoFog_Night",
  "subtrial_name": "e2e",
  "run_id": "20260515_142353_e2e",
  "run_path": "t:\\TFG\\MIREIA\\trials\\auto_21A_ClearNoon_Town05_HighVol_NoFog_Night\\runs\\20260515_142353_e2e",
  "num_frames": 1200,
  "duration_s": 475.6931495666504,
  "traveled_m": 967.0576797762836,
  "risk_auc": 588.1223230447544,
  "risk_distance_integral": 2103.6383951244543,
  "risk_per_meter": 2.1752977501932502,
  "predicted_risk_auc": 2163.3392332196236,
  "finished": false,
  "metadata": {
    "map_name": "Town05",
    "weather": {
      "cloudiness": 5.0,
      "precipitation": 0.0,
      "precipitation_deposits": 0.0,
      "wind_intensity": 10.0,
      "sun_azimuth_angle": -1.0,
      "sun_altitude_angle": -90.0,
      "fog_density": 2.0,
      "fog_distance": 0.75,
      "wetness": 0.0,
      "fog_falloff": 0.10000000149011612,
      "scattering_intensity": 1.0,
      "mie_scattering_scale": 0.029999999329447746,
      "rayleigh_scattering_scale": 0.03310000151395798,
      "dust_storm": 0.0
    },
    "route_start": [
      -129.66493225097656,
      191.12449645996094,
      0.0
    ],
    "route_end": [
      -268.6591491699219,
      -17.15737533569336,
      0.0
    ]
  }
}