trial,prefix,available,n_frames,total_distance_m,total_sim_time_s,avg_speed_kmh,max_speed_kmh,speed_std_kmh,risk_auc,risk_per_meter,mean_risk,max_risk
auto_17C_WetNoon_Town10HD_HighVol,base,True,179,160.81654783066023,44.75,9.283856524284998,27.343141575331448,12.015807929523573,105.70562048314875,3.716435004098731,2.3916925788713868,12.515526153208375
auto_17C_WetNoon_Town10HD_HighVol,e2e,True,266,160.26362669958698,66.5,8.707944051276517,27.84410915094936,7.348336732647707,153.04882416443849,3.050779031146139,2.3140042863024153,8.690561218321369
auto_17C_WetNoon_Town10HD_HighVol,composed,True,251,160.7023550052632,62.75,9.268954644945419,27.84410915094936,11.378607196408531,159.28387510264162,3.7872538547026964,2.560674598482602,10.589857418603227
auto_17C_WetNoon_Town10HD_HighVol,half_slow,True,250,160.0301591684084,62.5,9.254519521027579,26.33254103459289,11.564126518295316,151.17219564892372,3.6555424533281045,2.4392654148857353,12.575100812552638
auto_17C_WetNoon_Town10HD_HighVol,slow,True,250,159.8615489596813,62.5,9.257244809468085,22.5028136572569,9.25290299350485,151.37007832103498,3.4831422702945254,2.4401452879122894,11.377867806950382
auto_17C_WetNoon_Town10HD_HighVol,very_slow,True,274,160.35966729627177,68.5,8.45161607613095,14.341319177987678,6.136878319397759,154.23146403202662,2.830472432318128,2.2621083143128966,8.795999885618768
auto_17C_WetNoon_Town10HD_HighVol,riskfn1,True,250,160.43063196569688,62.5,9.279313670866575,27.92543338734061,11.633899248734888,154.93685694531575,3.6578439869676624,2.499872543991571,11.824770369022005
auto_17C_WetNoon_Town10HD_HighVol,riskfn2,True,250,160.12338284395395,62.5,9.261671167464096,27.92543338734061,11.960472379508044,147.7045733933295,3.659726140557103,2.3833462493800854,12.476050227649152
auto_17C_WetNoon_Town10HD_HighVol,riskfn3,True,252,160.30088439072517,63.0,9.19427015075266,27.48487584219825,10.464365968382191,164.93826616737033,3.7885831035546857,2.638929578325222,10.397344646296839
auto_17C_WetNoon_Town10HD_HighVol,riskfn4,True,252,160.77633796350656,63.0,9.225613115392388,27.92543338734061,11.490438811612375,158.83759688294424,3.675127533824436,2.542110361464881,10.319155935870345
auto_17C_WetNoon_Town10HD_HighVol,riskfn5,True,251,160.24464988725364,62.75,9.222145848713573,27.92543338734061,11.351519123641525,162.62568474498957,3.651928204582201,2.6088983140614634,9.32541858271634
