trial,prefix,available,n_frames,total_distance_m,total_sim_time_s,avg_speed_kmh,max_speed_kmh,speed_std_kmh,risk_auc,risk_per_meter,mean_risk,max_risk
auto_17C_WetNoon_Town10HD_HighVol,base,True,179,160.81654783066023,44.75,9.283856524284998,27.343141575331448,12.015807929523573,105.70562048314875,3.716435004098731,2.3916925788713868,12.515526153208375
auto_17C_WetNoon_Town10HD_HighVol,e2e,False,0,0.0,0.0,0.0,0.0,0.0,0.0,0.0,0.0,0.0
auto_17C_WetNoon_Town10HD_HighVol,composed,False,0,0.0,0.0,0.0,0.0,0.0,0.0,0.0,0.0,0.0
auto_17C_WetNoon_Town10HD_HighVol,half_slow,True,250,160.0301591684084,62.5,9.254519521027579,26.33254103459289,11.564126518295316,151.17219564892372,3.6555424533281045,2.4392654148857353,12.575100812552638
auto_17C_WetNoon_Town10HD_HighVol,slow,True,250,159.8615489596813,62.5,9.257244809468085,22.5028136572569,9.25290299350485,151.37007832103498,3.4831422702945254,2.4401452879122894,11.377867806950382
auto_17C_WetNoon_Town10HD_HighVol,very_slow,True,274,160.35966729627177,68.5,8.45161607613095,14.341319177987678,6.136878319397759,154.23146403202662,2.830472432318128,2.2621083143128966,8.795999885618768
