trial,prefix,available,n_frames,total_distance_m,total_sim_time_s,avg_speed_kmh,max_speed_kmh,speed_std_kmh,risk_auc,risk_per_meter,mean_risk,max_risk
auto_20C_SoftRainSunset_Town10HD_HighVol,base,True,1002,721.4578674583609,250.5,7.414708775258938,27.55375885378292,11.512760256408624,1108.4515323249875,4.822370327440983,4.428017883396402,15.587189909788277
auto_20C_SoftRainSunset_Town10HD_HighVol,e2e,False,0,0.0,0.0,0.0,0.0,0.0,0.0,0.0,0.0,0.0
auto_20C_SoftRainSunset_Town10HD_HighVol,composed,False,0,0.0,0.0,0.0,0.0,0.0,0.0,0.0,0.0,0.0
auto_20C_SoftRainSunset_Town10HD_HighVol,half_slow,True,594,719.8614522838466,148.5,17.47820557814395,26.370710509164574,10.981874009297108,636.8360657324306,4.9447806521647415,4.292603079294066,14.107489998458513
auto_20C_SoftRainSunset_Town10HD_HighVol,slow,True,1200,362.3454904865503,300.0,4.351007884723432,22.33452056235527,7.844517975434535,1069.6929376496262,4.807186195322483,3.5678096371178754,13.456594439872044
auto_20C_SoftRainSunset_Town10HD_HighVol,very_slow,True,1146,721.8463866650108,286.5,9.07684571192609,14.338403615641866,5.9622859296646915,863.120537907615,3.4859917098825983,3.014525029169367,9.226808539824006
