trial,prefix,available,n_frames,total_distance_m,total_sim_time_s,avg_speed_kmh,max_speed_kmh,speed_std_kmh,risk_auc,risk_per_meter,mean_risk,max_risk
auto_19C_CloudySunset_Town10HD_HighVol,base,True,415,472.42587973373145,103.75,11.750191011895463,27.97181127131638,12.640359886751115,388.78826672496416,4.470805679572061,3.752656222422848,10.045435884961591
auto_19C_CloudySunset_Town10HD_HighVol,e2e,False,0,0.0,0.0,0.0,0.0,0.0,0.0,0.0,0.0,0.0
auto_19C_CloudySunset_Town10HD_HighVol,composed,False,0,0.0,0.0,0.0,0.0,0.0,0.0,0.0,0.0,0.0
auto_19C_CloudySunset_Town10HD_HighVol,half_slow,True,1200,654.373998915589,300.0,7.855125135114149,26.252345509115834,11.176423087557763,787.8674621064372,4.47999667904572,2.6271776354687186,13.503039640132823
auto_19C_CloudySunset_Town10HD_HighVol,slow,True,1200,671.5776686727495,300.0,8.060788718639335,22.445546614636502,9.300922804071416,922.1530471548455,3.9658274205567454,3.0755425737556448,9.984199694425273
auto_19C_CloudySunset_Town10HD_HighVol,very_slow,True,1200,641.1255294303235,300.0,7.6977399150164185,14.276622179467473,6.345293867665359,864.4766592819396,3.727816759464934,2.882535675215129,10.879953798305914
auto_19C_CloudySunset_Town10HD_HighVol,riskfn1,True,1200,745.4104396447689,300.0,8.950701452006387,28.050756053547847,11.422458173213315,803.9708830370812,4.058275245853934,2.680837271986262,10.045987613883419
auto_19C_CloudySunset_Town10HD_HighVol,riskfn2,True,1200,774.8116124314466,300.0,9.304406643707292,28.050756053547847,12.024324114531357,879.1121600988304,4.671488706130041,2.9315152409055583,12.203890000300255
auto_19C_CloudySunset_Town10HD_HighVol,riskfn3,True,1200,723.3415307103129,300.0,8.69524458271427,28.050756053547847,10.409057310549917,851.1993336393296,3.6245164396868725,2.838693497323354,8.904016380384698
auto_19C_CloudySunset_Town10HD_HighVol,riskfn4,True,1200,657.9849746034434,300.0,7.8992672711679495,28.050756053547847,11.06514992537716,834.8479554545625,3.9294030612687187,2.7843427927785527,9.399159266934666
auto_19C_CloudySunset_Town10HD_HighVol,riskfn5,False,0,0.0,0.0,0.0,0.0,0.0,0.0,0.0,0.0,0.0
