trial,prefix,available,n_frames,total_distance_m,total_sim_time_s,avg_speed_kmh,max_speed_kmh,speed_std_kmh,risk_auc,risk_per_meter,mean_risk,max_risk
auto_19C_CloudySunset_Town10HD_HighVol,base,True,415,472.42587973373145,103.75,11.750191011895463,27.97181127131638,12.640359886751115,388.78826672496416,4.470805679572061,3.752656222422848,10.045435884961591
auto_19C_CloudySunset_Town10HD_HighVol,e2e,False,0,0.0,0.0,0.0,0.0,0.0,0.0,0.0,0.0,0.0
auto_19C_CloudySunset_Town10HD_HighVol,composed,False,0,0.0,0.0,0.0,0.0,0.0,0.0,0.0,0.0,0.0
auto_19C_CloudySunset_Town10HD_HighVol,half_slow,True,1200,654.373998915589,300.0,7.855125135114149,26.252345509115834,11.176423087557763,787.8674621064372,4.47999667904572,2.6271776354687186,13.503039640132823
auto_19C_CloudySunset_Town10HD_HighVol,slow,True,1200,671.5776686727495,300.0,8.060788718639335,22.445546614636502,9.300922804071416,922.1530471548455,3.9658274205567454,3.0755425737556448,9.984199694425273
auto_19C_CloudySunset_Town10HD_HighVol,very_slow,True,1200,641.1255294303235,300.0,7.6977399150164185,14.276622179467473,6.345293867665359,864.4766592819396,3.727816759464934,2.882535675215129,10.879953798305914
