trial,prefix,available,n_frames,total_distance_m,total_sim_time_s,avg_speed_kmh,max_speed_kmh,speed_std_kmh,risk_auc,risk_per_meter,mean_risk,max_risk
auto_20D_SoftRainSunset_Town10HD_LowVol,base,True,473,669.6328228366385,118.25,14.566210341227537,27.69323323403567,12.530967504802216,332.88376920795133,3.5509247748587227,2.8209032556013645,12.46301213334144
auto_20D_SoftRainSunset_Town10HD_LowVol,e2e,False,0,0.0,0.0,0.0,0.0,0.0,0.0,0.0,0.0,0.0
auto_20D_SoftRainSunset_Town10HD_LowVol,composed,False,0,0.0,0.0,0.0,0.0,0.0,0.0,0.0,0.0,0.0
auto_20D_SoftRainSunset_Town10HD_LowVol,half_slow,True,650,669.0972980187788,162.5,14.845635271207293,26.25908224021673,11.94773212807452,460.822037897708,3.711290519883701,2.8405603925339253,10.908598913668143
auto_20D_SoftRainSunset_Town10HD_LowVol,slow,True,806,669.576757705175,201.5,11.988071700333615,22.40455263859592,9.048659449766568,629.4879652844643,3.610840035628191,3.1297763233960514,8.847679255921237
auto_20D_SoftRainSunset_Town10HD_LowVol,very_slow,True,1022,669.3855687114019,255.5,9.43608568504742,14.006183753714517,5.7993028694191855,760.3905067567389,3.246629314892855,2.9792108556095545,8.712430454361787
