{
  "trial_name": "auto_21B_CloudyNoon_Town05_LowVol_NoFog_Night",
  "subtrial_name": "composed",
  "run_id": "20260515_144417_composed",
  "run_path": "t:\\TFG\\MIREIA\\trials\\auto_21B_CloudyNoon_Town05_LowVol_NoFog_Night\\runs\\20260515_144417_composed",
  "num_frames": 510,
  "duration_s": 215.16347980499268,
  "traveled_m": 260.4083795137876,
  "risk_auc": 259.13235662058287,
  "risk_distance_integral": 960.5538095133921,
  "risk_per_meter": 3.6886440110216747,
  "predicted_risk_auc": 229.29974582791328,
  "finished": true,
  "metadata": {
    "map_name": "Town05",
    "weather": {
      "cloudiness": 60.0,
      "precipitation": 0.0,
      "precipitation_deposits": 0.0,
      "wind_intensity": 10.0,
      "sun_azimuth_angle": -1.0,
      "sun_altitude_angle": -90.0,
      "fog_density": 3.0,
      "fog_distance": 0.75,
      "wetness": 0.0,
      "fog_falloff": 0.10000000149011612,
      "scattering_intensity": 1.0,
      "mie_scattering_scale": 0.029999999329447746,
      "rayleigh_scattering_scale": 0.03310000151395798,
      "dust_storm": 0.0
    },
    "route_start": [
      -123.68846130371094,
      91.42517852783203,
      0.0
    ],
    "route_end": [
      -31.24256706237793,
      -87.94085693359375,
      0.0
    ]
  }
}